,time_passed,skips,answered_questions,correct_answers,accuracy,speed
count,1000.0,1000.0,1000.0,1000.0,1000.0,1000.0
mean,-3.0508928716699304e-16,-1.403321903126198e-16,8.881784197001253e-17,-6.394884621840901e-17,3.019806626980426e-16,-1.9895196601282806e-16
std,1.0005003753127737,1.0005003753127737,1.000500375312774,1.000500375312774,1.0005003753127737,1.0005003753127737
min,-1.7224204318185306,-1.6843470886880962,-1.6981980204433813,-1.2427679752025618,-1.672851914122881,-1.1993395699182943
25%,-0.8561245311836091,-0.850594446034846,-0.8205763044519698,-0.7939532495967251,-0.8204898550603843,-0.6662331227598243
50%,0.021861808277105998,-0.0168418033815958,-0.0404681124596039,-0.2329348425894293,-0.017053378188074952,-0.26640328739097185
75%,0.8505076191642507,0.9002861035369795,0.8371536035318077,0.5524909272207849,0.8411899790819533,0.3708255127281368
max,1.6980644340342972,1.6506634819249046,1.7147753195232194,3.1331755994543458,1.736596322127106,4.848086690035599
